Model,Akurasi,Precision (Negatif),Recall (Negatif),F1-Score (Negatif)
Naïve Bayes,0.7782515991471215,1.0,0.037037037037037035,0.07142857142857142
K-NN,0.8507462686567164,0.8064516129032258,0.46296296296296297,0.5882352941176471
Decision Tree,0.8464818763326226,0.6875,0.6111111111111112,0.6470588235294118
